-- phpMyAdmin SQL Dump
-- version 4.9.5deb2
-- https://www.phpmyadmin.net/
--
-- Host: localhost:3306
-- Generation Time: May 27, 2021 at 03:06 AM
-- Server version: 8.0.25-0ubuntu0.20.04.1
-- PHP Version: 7.4.3

SET SQL_MODE = "NO_AUTO_VALUE_ON_ZERO";
SET AUTOCOMMIT = 0;
START TRANSACTION;
SET time_zone = "+00:00";


/*!40101 SET @OLD_CHARACTER_SET_CLIENT=@@CHARACTER_SET_CLIENT */;
/*!40101 SET @OLD_CHARACTER_SET_RESULTS=@@CHARACTER_SET_RESULTS */;
/*!40101 SET @OLD_COLLATION_CONNECTION=@@COLLATION_CONNECTION */;
/*!40101 SET NAMES utf8mb4 */;

--
-- Database: `node_app`
--

-- --------------------------------------------------------

--
-- Table structure for table `Genres`
--

DROP TABLE IF EXISTS `Genres`;
CREATE TABLE `Genres` (
  `genreID` int NOT NULL,
  `genre` varchar(255) DEFAULT NULL
) ENGINE=InnoDB DEFAULT CHARSET=utf8mb4 COLLATE=utf8mb4_0900_ai_ci;

--
-- Dumping data for table `Genres`
--

INSERT INTO `Genres` (`genreID`, `genre`) VALUES
(1, '(no genres listed)'),
(2, 'Action'),
(3, 'Adventure'),
(4, 'Animation'),
(5, 'Children'),
(6, 'Comedy'),
(7, 'Crime'),
(8, 'Documentary'),
(9, 'Drama'),
(10, 'Fantasy'),
(11, 'Film-Noir'),
(12, 'Horror'),
(13, 'IMAX'),
(14, 'Musical'),
(15, 'Mystery'),
(16, 'Romance'),
(17, 'Sci-Fi'),
(18, 'Thriller'),
(19, 'War'),
(20, 'Western');

-- --------------------------------------------------------

--
-- Table structure for table `Movies`
--

DROP TABLE IF EXISTS `Movies`;
CREATE TABLE `Movies` (
  `movieID` int NOT NULL,
  `title` varchar(255) DEFAULT NULL
) ENGINE=InnoDB DEFAULT CHARSET=utf8mb4 COLLATE=utf8mb4_0900_ai_ci;

--
-- Dumping data for table `Movies`
--

INSERT INTO `Movies` (`movieID`, `title`) VALUES
(1, 'Alpha Dog'),
(2, 'Taxidermia'),
(3, 'Double Dhamaal'),
(4, 'Mutiny on the Bounty'),
(5, 'Extreme Justice'),
(6, 'Man on Wire'),
(7, 'Journey to the Center of the Earth'),
(8, 'Chaos Theory'),
(9, 'Cremaster 5'),
(10, 'Cannonball'),
(11, 'Restraint'),
(12, 'Wheelmen'),
(13, 'I Got the Hook Up'),
(14, 'Smiley'),
(15, 'Shadow Warriors 2 (Assault on Devil\'s Island)'),
(16, 'Miral'),
(17, 'Agata and the Storm (Agata e la tempesta)'),
(18, 'Jagged Edge'),
(19, 'Enchanted April'),
(20, 'Lizard in a Woman\'s Skin, A (Lucertola con la pelle di donna, Una)'),
(21, 'Michael'),
(22, 'On the Beach'),
(23, 'Generation War'),
(24, 'Long John Silver'),
(25, 'Girl Next Door, The'),
(26, 'Rocky Balboa'),
(27, 'Road Warrior, The (Mad Max 2)'),
(28, 'Mille bolle blu'),
(29, 'Alice'),
(30, 'Night of the Lepus'),
(31, 'If....'),
(32, 'Battle of the Rails, The (La bataille du rail)'),
(33, 'Believers, The'),
(34, 'Soviet Story, The'),
(35, 'Thunderbird Six'),
(36, 'Beauty and the Beast: The Enchanted Christmas'),
(37, 'Life of Oharu, The (Saikaku ichidai onna)'),
(38, '12:08 East of Bucharest (A fost sau n-a fost?)'),
(39, 'Things to Come'),
(40, 'Attack, The'),
(41, 'Bastards'),
(42, 'Bounty Hunters (Bail Enforcers)'),
(43, 'Bully'),
(44, 'The Amazing Dr. Clitterhouse'),
(45, 'Train'),
(46, 'Holly'),
(47, 'Ape, The (Apan)'),
(48, 'Ninette'),
(49, 'Last Time, The'),
(50, 'Hawaiians, The'),
(51, 'Nickelodeon'),
(52, 'Gardens of Stone'),
(53, 'Idle Mist (Vana Espuma)'),
(54, 'Guter Junge'),
(55, 'Rx'),
(56, 'Now and Then'),
(57, 'Gods Must Be Crazy III, The (a.k.a. Crazy Safari) (Fei zhou he shang)'),
(58, 'Other Woman, The'),
(59, 'Parallels'),
(60, 'Stoker'),
(61, 'Crave'),
(62, 'Murder by Contract'),
(63, 'W.W. and the Dixie Dancekings'),
(64, 'LUV'),
(65, 'Preacher\'s Wife, The'),
(66, 'Theory of Everything, The'),
(67, 'Cruel Romance, A (Zhestokij Romans)'),
(68, 'Enemy of the State'),
(69, 'Levity'),
(70, 'Stormbreaker (Alex Rider: Operation Stormbreaker)'),
(71, 'Diving Bell and the Butterfly, The (Scaphandre et le papillon, Le)'),
(72, 'Don Juan DeMarco'),
(73, 'W.E.'),
(74, 'Steal This Film'),
(75, 'Stand Up Guys'),
(76, 'Reefer Madness: The Movie Musical'),
(77, 'Woman\'s Tale, A'),
(78, 'Harley Davidson and the Marlboro Man'),
(79, 'S.W.A.T.: Firefight'),
(80, 'Killer Inside Me, The'),
(81, 'St. Valentine\'s Day Massacre, The'),
(82, '12 Rounds 2: Reloaded'),
(83, '1408'),
(84, 'First Name: Carmen (Prénom Carmen)'),
(85, 'Eternal Sunshine of the Spotless Mind'),
(86, 'Monsters vs Aliens: Mutant Pumpkins from Outer Space'),
(87, 'Hannah Arendt'),
(88, 'Ice Bound'),
(89, 'Feel the Noise'),
(90, 'There Was a Crooked Man...'),
(91, 'Good Guys Wear Black'),
(92, 'White Water Summer'),
(93, 'Let it Rain (Parlez-moi de la pluie)'),
(94, 'Scooby-Doo'),
(95, 'Moment of Truth, The (Il momento della verità)'),
(96, 'House at the End of the Street'),
(97, 'Let the Fire Burn'),
(98, 'Lightning in a Bottle'),
(99, 'Alien Nation: Body and Soul'),
(100, 'Only When I Laugh'),
(101, 'When the Levees Broke: A Requiem in Four Acts'),
(102, 'Lucrèce Borgia'),
(103, 'Rules of the Game, The (La règle du jeu)'),
(104, 'Valerie and Her Week of Wonders (Valerie a týden divu)'),
(105, 'Running Free'),
(106, 'Colt 38 Special Squad'),
(107, 'Cockleshell Heroes, The'),
(108, 'Cabin Boy'),
(109, 'Conan O\'Brien Can\'t Stop'),
(110, 'Hobson\'s Choice'),
(111, 'Corto Maltese: Under the Sign of Capricorn (Sous le signe du capricorne)'),
(112, 'Diary of a Nymphomaniac (Diario de una Ninfómana)'),
(113, 'Chameleon, The '),
(114, 'X from Outer Space, The (Uchû daikaijû Girara)'),
(115, 'Night of the Living Dead 3D'),
(116, 'Catch That Kid'),
(117, 'G Men'),
(118, 'The Encounter'),
(119, 'We Don\'t Live Here Anymore'),
(120, 'Condemned, The'),
(121, 'Momo'),
(122, 'Mustalaishurmaaja'),
(123, 'Fitzwilly'),
(124, 'Big Jake'),
(125, 'They Drive by Night'),
(126, 'Hunters, The (Jägarna)'),
(127, 'All the Mornings of the World (Tous les matins du monde)'),
(128, 'Mysterious Island'),
(129, 'Bending the Rules'),
(130, 'Kiss of the Vampire, The'),
(131, 'School for Scoundrels'),
(132, 'Visitor, The'),
(133, 'Toolbox Murders'),
(134, 'Music Within'),
(135, 'Witching and Bitching (Brujas de Zugarramurdi, Las)'),
(136, 'Prick Up Your Ears'),
(137, 'Stay as You Are'),
(138, 'Missing, The'),
(139, 'Bloody Bloody Bible Camp'),
(140, 'Julien Donkey-Boy'),
(141, 'Likeable Mister R, The (Simpaticul domn R)'),
(142, 'Show Boat'),
(143, 'Underworld: Rise of the Lycans'),
(144, 'The Mark of the Angels - Miserere'),
(145, 'Tim and Eric\'s Billion Dollar Movie'),
(146, 'Down and Out in Beverly Hills'),
(147, 'Tell Me Something (Telmisseomding)'),
(148, 'Dagon'),
(149, 'Decline of Western Civilization Part II: The Metal Years, The'),
(150, 'Day\'s Pleasure, A (Ford Story, A)'),
(151, 'High School Musical 3: Senior Year'),
(152, 'Love & Pop'),
(153, 'Carnival in Flanders (La kermesse héroïque)'),
(154, 'Triumph of the Will (Triumph des Willens)'),
(155, 'At the Earth\'s Core'),
(156, 'Steamboat Bill, Jr.'),
(157, 'Joan Rivers: A Piece of Work'),
(158, 'Let\'s Make Love'),
(159, 'Story Written with Water, A (Mizu de kakareta monogatari)'),
(160, 'Snow Queen'),
(161, 'Very Potter Sequel, A'),
(162, 'I, the Worst of All (Yo, la peor de todas)'),
(163, 'Everybody\'s Fine (Stanno tutti bene)'),
(164, 'Children of Paradise (Les enfants du paradis)'),
(165, 'Italian Job, The'),
(166, 'Lost Christmas'),
(167, 'Conquest of the Planet of the Apes'),
(168, 'Idiots, The (Idioterne)'),
(169, 'Vampire Lovers, The'),
(170, 'Derailed'),
(171, 'Benji '),
(172, 'This Sporting Life'),
(173, 'Conan the Barbarian'),
(174, 'Escapist, The'),
(175, 'Matter of Life and Death, A (Stairway to Heaven)'),
(176, 'Frankenhooker'),
(177, 'Like It Is'),
(178, 'Good Man in Africa, A'),
(179, 'Recruiter, The'),
(180, 'Days of Being Wild (A Fei jingjyuhn)'),
(181, 'Steam of Life (Miesten vuoro)'),
(182, 'On a Clear Day'),
(183, 'Ice Castles'),
(184, 'Biloxi Blues'),
(185, 'Jesus Henry Christ'),
(186, 'Bloodbrothers'),
(187, 'Manhattan Murder Mystery'),
(188, 'Blindness'),
(189, 'Salvatore Giuliano'),
(190, 'Vitus'),
(191, 'Hangmen Also Die'),
(192, 'Zero'),
(193, 'Cold Light of Day, The'),
(194, 'Jewel of the Nile, The'),
(195, 'Finger, The (Dedo, El)'),
(196, 'No Rest for the Brave (Pas de repos pour les braves)'),
(197, 'Bells, The'),
(198, 'Knuckle '),
(199, 'Idiot Returns, The (Návrat idiota)'),
(200, 'Drunken Tai Chi (Siu taai gik)'),
(201, 'Inkheart'),
(202, 'Dinner Guest, The (L\'invité)'),
(203, 'Blackwoods'),
(204, 'Curse of Frankenstein, The'),
(205, 'Sullivan\'s Travels'),
(206, 'Company of Wolves, The'),
(207, 'Hell (L\'enfer)'),
(208, 'Game of Their Lives, The'),
(209, 'One on One'),
(210, 'Good Luck. And Take Care of Each Other'),
(211, 'People Under the Stairs, The'),
(212, 'One Night with the King'),
(213, 'Dirties, The'),
(214, 'Medicine Man'),
(215, 'Tournament, The'),
(216, 'Sunburn'),
(217, 'Wild Bill'),
(218, 'Far North'),
(219, '\'71'),
(220, 'Five Card Stud (a.k.a. 5 Card Stud)'),
(221, 'Mystery on Monster Island'),
(222, 'The Swedish Moment'),
(223, 'Raw Deal: A Question of Consent'),
(224, 'Harriet the Spy'),
(225, 'That Day, on the Beach (Hai tan de yi tian)'),
(226, 'How to Be a Player'),
(227, 'Lion of the Desert'),
(228, 'WikiRebels: The Documentary'),
(229, 'Shadow of Angels (Schatten der Engel)'),
(230, 'You and Me'),
(231, 'Sixteen Candles'),
(232, 'The Seven Males'),
(233, 'Running on Empty'),
(234, 'Many Rivers to Cross'),
(235, 'Red Badge of Courage, The'),
(236, 'Into the White (Cross of Honour)'),
(237, 'Kaena: The Prophecy (Kaena: La prophétie)'),
(238, 'Puppet Master vs. Demonic Toys (Puppet Master 9)'),
(239, 'Change of Habit'),
(240, 'That\'s My Boy'),
(241, 'Bullies'),
(242, 'Borgman'),
(243, 'Hybrid'),
(244, 'Backcountry'),
(245, 'Some Kind of Hero'),
(246, 'Day Watch (Dnevnoy dozor)'),
(247, 'Storm Warning'),
(248, 'Filth and the Fury, The'),
(249, 'Return, The'),
(250, 'Bobby Fischer Against the World'),
(251, 'Blue Swallow (Cheong yeon)'),
(252, 'Girl with a Pearl Earring'),
(253, 'Three Musketeers, The'),
(254, 'The Hornet\'s Nest'),
(255, 'Glitterbug'),
(256, 'Meet Monica Velour'),
(257, 'Aks'),
(258, 'Key Largo'),
(259, 'Hulk'),
(260, 'Cop Out'),
(261, 'Project A (\'A\' gai waak)'),
(262, 'Bullfighter and the Lady'),
(263, 'Havoc'),
(264, 'College'),
(265, 'Swades: We, the People (Our Country)'),
(266, 'Elena and Her Men (Paris Does Strange Things) (Elena et les hommes)'),
(267, 'God\'s Little Acre'),
(268, 'Hitman'),
(269, 'Hangtime - Kein leichtes Spiel'),
(270, 'Girl with Hyacinths'),
(271, 'Memory of a Killer, The (Zaak Alzheimer, De)'),
(272, 'Butterfly'),
(273, 'Doorway to Hell, The'),
(274, 'Confessions of a Superhero'),
(275, 'Black Rock'),
(276, 'Tru Confessions'),
(277, 'Stoplight Society, The (La Sociedad del Semáforo)'),
(278, 'Wicked Blood'),
(279, 'Gung Ho! (Gung Ho!: The Story of Carlson\'s Makin Island Raiders)'),
(280, 'Green Hornet, The'),
(281, 'Cazuza - O Tempo Não Pára'),
(282, 'Pascali\'s Island'),
(283, 'Dorian Gray'),
(284, 'Vampire in Brooklyn'),
(285, 'World War II: When Lions Roared'),
(286, 'Date Movie'),
(287, 'Battery, The'),
(288, 'Charlie Chan in The Chinese Cat'),
(289, 'Jill the Ripper (Jill Rips)'),
(290, 'Seven Brothers (Seitsemän veljestä)'),
(291, 'Margaret\'s Museum'),
(292, 'Somm'),
(293, 'Thank God It\'s Friday'),
(294, 'Nutty Professor, The'),
(295, 'Stomp the Yard'),
(296, 'Busting'),
(297, 'Freedom'),
(298, 'The Whisperer in Darkness'),
(299, 'End of Love, The'),
(300, 'Shadowzone'),
(301, 'Alien from L.A.'),
(302, 'Gordy'),
(303, 'Poker Club, The'),
(304, 'Back in Business'),
(305, 'Susannah of the Mounties'),
(306, 'The Distance'),
(307, '\"Great Performances\" Cats'),
(308, 'Long Ride Home, The'),
(309, 'Mermaids'),
(310, 'Dolphin Tale'),
(311, 'Vice Versa'),
(312, 'Molly'),
(313, 'Adam\'s Apples (Adams æbler)'),
(314, 'Open Season 2'),
(315, 'So Evil, So Young'),
(316, 'Killings at Outpost Zeta, The'),
(317, 'Desperado'),
(318, 'Raising Helen'),
(319, 'Time to Leave'),
(320, 'Tokyo Godfathers'),
(321, 'Sand Sharks'),
(322, '¡Qué hacer!'),
(323, 'Vizontele'),
(324, 'Inglorious Bastards (Quel maledetto treno blindato)'),
(325, 'Hotel Very Welcome'),
(326, 'Hostel: Part II'),
(327, 'Once Upon a Time (Der var engang)'),
(328, 'Congress, The'),
(329, 'Messengers 2: The Scarecrow'),
(330, 'Muppet Musicians of Bremen, The'),
(331, 'Killer Bean 2: The Party'),
(332, 'Panama Hattie'),
(333, 'Summer in Berlin (Sommer vorm Balkon)'),
(334, 'Kid With a Bike, The (Le gamin au vélo)'),
(335, 'G.I. Joe: A Real American Hero (G.I. Joe: The MASS Device)'),
(336, '8 Mile'),
(337, 'Space Milkshake'),
(338, 'Yves Saint Laurent'),
(339, 'Once Upon a Crime...'),
(340, 'Eye 2, The (Gin gwai 2)'),
(341, 'She'),
(342, 'Across 110th Street'),
(343, 'Valley of the Dolls'),
(344, 'Deep, The (Djúpið)'),
(345, 'Dangerous Game'),
(346, 'Boy on a Dolphin'),
(347, 'Spitfire Grill, The'),
(348, 'Armstrong Lie, The'),
(349, 'Impure Thoughts'),
(350, 'Bad Ass'),
(351, 'Fitzgerald Family Christmas, The'),
(352, 'Border Run (Mule, The)'),
(353, 'Four Sons'),
(354, 'Parasite'),
(355, 'Dangerous Method, A'),
(356, 'Voices'),
(357, 'Woman on the Beach, The'),
(358, 'The Island'),
(359, 'Brave, The'),
(360, 'Magnetic Man, The (Magneettimies)'),
(361, 'In the Soup'),
(362, 'Jane Austen Book Club, The'),
(363, 'Great Bank Hoax, The'),
(364, 'Happy End'),
(365, 'Siete minutos (Seven Minutes)'),
(366, 'I Don\'t Want to Sleep Alone (Hei yan quan)'),
(367, 'Memories of Underdevelopment (Memorias del subdesarrollo)'),
(368, 'Boy Interrupted'),
(369, 'Fill the Void (Lemale et ha\'halal)'),
(370, 'Jane Eyre'),
(371, 'If a Man Answers'),
(372, 'Visions of Europe'),
(373, 'Oath, The'),
(374, 'Brothers: The Return'),
(375, 'Police Python 357'),
(376, 'Kariera Nikosia Dyzmy'),
(377, 'Good Thief, The'),
(378, 'Hollow Man'),
(379, 'Pitfall (Otoshiana)'),
(380, 'Corruption (a.k.a. Carnage)'),
(381, 'Red Garters'),
(382, 'Can\'t Help Singing'),
(383, 'Nobody Wants the Night'),
(384, 'Bounce'),
(385, 'Still Life'),
(386, 'Drogówka'),
(387, 'First Knight'),
(388, 'Karla'),
(389, 'Jeepers Creepers'),
(390, 'Other, The'),
(391, 'Yes Or No'),
(392, 'Shall We Dance?'),
(393, 'Cat\'s Meow, The'),
(394, 'Back In Action'),
(395, 'Lancelot of the Lake (Lancelot du Lac)'),
(396, 'Presenting Lily Mars'),
(397, 'Royal Wedding'),
(398, 'BloodRayne'),
(399, 'Marihuana'),
(400, 'Cure for Love, A (Lekarstwo na milosc)'),
(401, 'Expecting Love (Mala wielka milosc)'),
(402, 'Armour of God (Long xiong hu di)'),
(403, 'Vanity Fair'),
(404, 'Dragon Ball Z: Bio-Broly (Doragon bôru Z 11: Sûpâ senshi gekiha! Katsu no wa ore da)'),
(405, 'Hickey and Boggs'),
(406, 'The Shoe'),
(407, 'Trip to the Moon, A (Voyage dans la lune, Le)'),
(408, 'For the Love of Movies'),
(409, 'Dog Tags'),
(410, 'The Gambler'),
(411, 'After Alice (Eye of the Killer)'),
(412, 'Stalin'),
(413, 'Lollilove'),
(414, 'Hoosiers (a.k.a. Best Shot)'),
(415, 'Makioka Sisters, The (Sasame-yuki)'),
(416, 'Death in Buenos Aires (Muerte en Buenos Aires)'),
(417, 'Our Daily Bread'),
(418, 'Black Butterflies'),
(419, 'Tales of Ordinary Madness (Storie di Ordinaria Follia)'),
(420, 'Rose Red'),
(421, 'The Whisperer in Darkness'),
(422, 'Den enskilde medborgaren'),
(423, 'Messenger of Death'),
(424, 'Holy Wars'),
(425, 'La Rabbia'),
(426, 'Daughter of the Nile (Ni luo he nu er)'),
(427, 'Breathing Room'),
(428, 'Goodbye, Mr. Chips'),
(429, 'Wirey Spindell'),
(430, 'Elles'),
(431, 'Star Trek: Nemesis'),
(432, 'Woman on the Beach, The'),
(433, 'True Legend (Su Qi-Er)'),
(434, 'Jamaica Inn'),
(435, 'First Target'),
(436, 'Boeing, Boeing'),
(437, 'The Oblong Box'),
(438, 'Sleeping Car, The'),
(439, 'Go Now'),
(440, 'Morgen'),
(441, 'Scott of the Antarctic'),
(442, 'Vicky Donor'),
(443, 'Vinyl'),
(444, 'Strange Circus (Kimyô na sâkasu)'),
(445, 'Greystone Park'),
(446, 'Dr. Phibes Rises Again'),
(447, 'Quiet Man, The'),
(448, 'My First War'),
(449, 'Vivere'),
(450, 'Cheshire Murders, The'),
(451, 'All Mine to Give'),
(452, 'Girl of the Golden West'),
(453, 'I, Cesar (Moi César, 10 ans 1/2, 1m39)'),
(454, 'Three Way'),
(455, 'Man of Aran'),
(456, 'Childhood of Maxim Gorky, The (Detstvo Gorkogo)'),
(457, 'Mondays in the Sun (Lunes al sol, Los)'),
(458, 'Burnt by the Sun (Utomlyonnye solntsem)'),
(459, 'Tall Tale'),
(460, 'Man There Was, A (Terje Vigen)'),
(461, 'Green Butchers, The (Grønne slagtere, De)'),
(462, 'Silent Hill'),
(463, 'Star for Two, A'),
(464, 'Millionaire for Christy, A (Golden Goose) (No Room for the Groom)'),
(465, 'Breed Apart, A'),
(466, 'Intervista'),
(467, 'Heartbeeps'),
(468, 'Pastoral Hide and Seek (Den-en ni shisu)'),
(469, 'From the Clouds to the Resistance (Dalla nube alla resistenza)'),
(470, 'Double Dare'),
(471, 'Mulberry Street'),
(472, 'Ringu (Ring)'),
(473, 'Beautiful'),
(474, 'Top of the Food Chain (a.k.a. Invasion!)'),
(475, 'Shanghai Ghetto'),
(476, 'Day He Arrives, The (Book chon bang hyang)'),
(477, 'Dirty Dozen: Next Mission, The'),
(478, 'Hell to Eternity'),
(479, 'Pola X'),
(480, 'In Praise of Love (Éloge de l\'amour)'),
(481, 'British Intelligence'),
(482, 'AmeriQua'),
(483, 'Three Musketeers, The'),
(484, 'Portrait of Jennie'),
(485, 'Month in the Country, A'),
(486, 'Daylight (Daglicht)'),
(487, 'Divorcee, The'),
(488, 'Toughest Man in the World, The'),
(489, 'Mystery, Alaska'),
(490, 'O Lucky Man!'),
(491, 'Teenage Mutant Ninja Turtles: Turtles Forever'),
(492, 'Don\'t Move (Non ti muovere)'),
(493, 'Petrified Forest, The'),
(494, 'Hobo with a Shotgun'),
(495, 'Wedding Banquet, The (Xi yan)'),
(496, 'Is It Easy to be Young?'),
(497, 'Return of Django (Son of Django) (Figlio di Django, Il)'),
(498, 'Exit Through the Gift Shop'),
(499, 'Such Hawks Such Hounds'),
(500, 'The Corsican Brothers'),
(501, 'Poll Diaries, The (Poll)'),
(502, 'Erasing David'),
(503, 'Dumb & Dumber (Dumb and Dumber)'),
(504, 'Three Degrees Colder (3° kälter)'),
(505, 'Burnt Money (Plata Quemada)'),
(506, 'Devil\'s Pond'),
(507, 'August: Osage County'),
(508, 'Coriolanus'),
(509, 'Honey'),
(510, 'I as in Icarus (I... comme Icare)'),
(511, 'Sybil'),
(512, 'Body Count'),
(513, 'Mother Carey\'s Chickens'),
(514, 'Street Without End (Kagirinaki hodo)'),
(515, 'Red Rock West'),
(516, 'Hombre'),
(517, 'Buying the Cow'),
(518, 'Men in Black III (M.III.B.) (M.I.B.³)'),
(519, 'The Hunchback of Paris'),
(520, 'Kid in King Arthur\'s Court, A'),
(521, 'Schultze Gets the Blues'),
(522, 'House'),
(523, 'Bustin\' Loose'),
(524, 'Fate Is the Hunter'),
(525, 'Cold Trail (Köld slóð)'),
(526, 'Eden'),
(527, 'The Missing'),
(528, 'Miss Julie'),
(529, 'Pinocchio'),
(530, 'Umberto D.'),
(531, 'War Witch (Rebelle)'),
(532, 'Salo, or The 120 Days of Sodom (Salò o le 120 giornate di Sodoma)'),
(533, 'Quinceañera'),
(534, 'Cosmic Psychos: Blokes You Can Trust'),
(535, 'Tournament, The'),
(536, 'Sunshine'),
(537, 'Karla'),
(538, 'The Horseplayer'),
(539, 'Desert Trail, The'),
(540, 'The Hunger Games: Mockingjay - Part 1'),
(541, 'Bonneville'),
(542, 'Punk in London'),
(543, 'Land of the Lost'),
(544, '1492: Conquest of Paradise'),
(545, 'Animals United'),
(546, 'Associate, The'),
(547, 'Kung Fu Panda Holiday Special'),
(548, 'Bed & Breakfast: Love is a Happy Accident (Bed & Breakfast)'),
(549, 'Siegfried'),
(550, 'Mummy, The'),
(551, 'Harvard Beats Yale 29-29'),
(552, 'Flight of the Conchords: A Texan Odyssey'),
(553, 'Plenty'),
(554, 'Diminished Capacity'),
(555, 'Slumber Party \'57'),
(556, 'WNUF Halloween Special'),
(557, 'High Test Girls'),
(558, 'Survival of the Dead'),
(559, 'Escape from L.A.'),
(560, 'Christmas Party, The (Joulubileet)'),
(561, 'Things to Come'),
(562, 'SherryBaby'),
(563, 'Night Court'),
(564, 'Million Dollar Mermaid'),
(565, 'Mixed Blood'),
(566, 'Lunch Break'),
(567, 'Weary River'),
(568, 'Transylvania 6-5000'),
(569, 'King Leopold\'s Ghost'),
(570, 'Being John Malkovich'),
(571, 'Dementia 13'),
(572, 'Boogie Man: The Lee Atwater Story'),
(573, 'Pointe-Courte, La'),
(574, 'High Sierra'),
(575, 'Delicate Art of Parking, The'),
(576, 'Champion'),
(577, 'The Case of the Curious Bride'),
(578, 'Perfect Family, The'),
(579, 'Pornography (Pornografia)'),
(580, 'All in a Night\'s Work'),
(581, 'Judgment Night'),
(582, 'Bat, The'),
(583, 'Lady Chatterley\'s Lover'),
(584, 'As Far As My Feet Will Carry Me (So weit die Füße tragen)'),
(585, 'Frank'),
(586, 'Enigma'),
(587, 'Easy Wheels'),
(588, 'One Body Too Many'),
(589, 'Vito'),
(590, 'My Brother the Terrorist'),
(591, 'Brazilian Western (Faroeste Caboclo)'),
(592, 'Happiest Millionaire, The'),
(593, 'Change of Plans (Le code a changé)'),
(594, 'Written on the Wind'),
(595, 'Revolutionary Road'),
(596, 'Three Comrades'),
(597, 'Bridesmaids'),
(598, 'Sound City'),
(599, 'Morsian yllättää'),
(600, '13/13/13'),
(601, 'Midnight Movies: From the Margin to the Mainstream'),
(602, 'Suspect X (Yôgisha X no kenshin)'),
(603, 'Four Seasons (Seasons, The) (Vremena goda)'),
(604, 'Interview, The'),
(605, 'Night of the Following Day, The'),
(606, 'Lightnin\''),
(607, 'Secretary'),
(608, 'Anatomy (Anatomie)'),
(609, 'In the Heat of the Night'),
(610, 'Appointment with Death'),
(611, 'Kim'),
(612, 'Beastly'),
(613, 'Scrooge'),
(614, 'Craig Ferguson: A Wee Bit o\' Revolution'),
(615, 'Texas Chainsaw Massacre 2, The'),
(616, 'Borgman'),
(617, 'Sound and the Fury, The'),
(618, 'Chillers'),
(619, 'Cold Weather'),
(620, 'Human Experience, The'),
(621, 'New Jack City'),
(622, 'Odd Life of Timothy Green, The'),
(623, 'When Harry Met Sally...'),
(624, 'We and the I, The'),
(625, 'West Point Story, The'),
(626, 'Sea Gull, The'),
(627, 'Navy Seals'),
(628, 'Someone Like You (Unnaipol Oruvan)'),
(629, 'Bottom of the Sea, The (El fondo del mar)'),
(630, 'Bleach: Fade to Black (Bur&#299;chi Fade to Black Kimi no Na o Yobu)'),
(631, 'Save the Last Dance 2'),
(632, 'Incubus, The'),
(633, 'Home Alone 3'),
(634, 'Seven Psychopaths'),
(635, 'Little Nicholas (Le petit Nicolas)'),
(636, 'Silent World, The (Le monde du silence)'),
(637, 'Putty Hill'),
(638, 'Bolt'),
(639, 'Canyon, The'),
(640, 'Shaggy Dog, The'),
(641, 'Zandalee'),
(642, 'Konopielka'),
(643, 'Babbitt'),
(644, 'Shop on Main Street, The (Obchod na korze)'),
(645, 'Kissed by Winter (Vinterkyss)'),
(646, 'Deconstructing Harry'),
(647, 'Gigli'),
(648, 'Hugo Pool'),
(649, 'Child I Never Was, The (Leben lang kurze Hosen Tragen, Ein)'),
(650, 'Honey, I Blew Up the Kid'),
(651, 'Music of Chance, The'),
(652, 'T.N.T.'),
(653, 'Special Correspondents (Envoyés très spéciaux)'),
(654, 'Sing Your Song'),
(655, 'Clown and the Kid, The'),
(656, 'Great Communist Bank Robbery (Marele jaf comunist)'),
(657, 'Repo Man'),
(658, 'Hitch Hikers Guide to the Galaxy, The'),
(659, 'Secret Life of Walter Mitty, The'),
(660, 'That Was Then... This Is Now'),
(661, 'V2: Dead Angel (Vares 2 - Jäätynyt Enkeli)'),
(662, 'Monsters vs. Aliens'),
(663, 'Slaves of New York'),
(664, 'Laid To Rest'),
(665, 'DiG!'),
(666, 'Cronos'),
(667, 'Il fiore dai petali d\'acciaio'),
(668, 'Death on the Nile'),
(669, 'Restless (Uro)'),
(670, 'Ordinary People'),
(671, 'Mixed Blood'),
(672, 'A Night for Dying Tigers'),
(673, 'Bill & Ted\'s Excellent Adventure'),
(674, 'Ghetto (Vilniaus Getas)'),
(675, 'Captain Mike Across America (Slacker Uprising)'),
(676, 'Duplex'),
(677, '1911 (Xinhai geming)'),
(678, 'Yi Yi'),
(679, 'Above Us Only Sky'),
(680, 'Core, The'),
(681, 'White Chicks'),
(682, 'Beginners'),
(683, 'The Private Life of a Cat'),
(684, 'Mirror Crack\'d, The'),
(685, 'Stolen Life, A'),
(686, 'Unborn, The'),
(687, 'Mad Max Beyond Thunderdome'),
(688, 'Cadillac Records'),
(689, 'Trainer on the Beach 2'),
(690, 'Un Poliziotto Scomodo'),
(691, 'Margaret\'s Museum'),
(692, 'Sins of My Father'),
(693, 'Desperately Seeking Susan'),
(694, 'Elvira, Mistress of the Dark'),
(695, 'Hobbit, The'),
(696, 'Garbage Prince'),
(697, 'Mala Noche'),
(698, 'Traveler, The (Mossafer)'),
(699, 'Shine of Rainbows, A'),
(700, 'Cotton Mary'),
(701, 'Autumn Sonata (Höstsonaten)'),
(702, 'Farsan'),
(703, 'Mysterious X, The (Sealed Orders) (Det hemmelighedsfulde X)'),
(704, 'Doctor, The'),
(705, 'Being Elmo: A Puppeteer\'s Journey'),
(706, 'GLOW: The Story of the Gorgeous Ladies of Wrestling'),
(707, 'I Am Taraneh, I Am Fifteen Years Old (Man, taraneh, panzdah sal daram)'),
(708, 'Black Balloon, The'),
(709, 'Nadine'),
(710, 'Best of Times, The (Mei li shi guang)'),
(711, 'Finding Bliss'),
(712, 'High Wind in Jamaica, A'),
(713, 'Manual of Love 2 (Manuale d\'amore (capitoli successivi))'),
(714, 'Paris, Texas'),
(715, 'American Ninja 4: The Annihilation'),
(716, 'Home of Dark Butterflies, The (Tummien perhosten koti)'),
(717, 'Private Romeo'),
(718, 'Just Another Love Story (Kærlighed på film)'),
(719, 'The Disappeared'),
(720, 'Elfie Hopkins: Cannibal Hunter'),
(721, 'Importance of Being Earnest, The'),
(722, 'Silent World, The (Le monde du silence)'),
(723, 'Gretchen the Greenhorn'),
(724, 'Melbourne'),
(725, 'Shock Doctrine, The'),
(726, 'Human Behavior Experiments, The'),
(727, 'Stones in Exile'),
(728, 'Billy Jack'),
(729, 'Down and Derby'),
(730, 'Callejón de los milagros, El'),
(731, 'New Daughter, The'),
(732, 'Curly Top'),
(733, 'Pleasures of the Flesh (Etsuraku)'),
(734, 'Guilty of Romance (Koi no tsumi) '),
(735, 'Solitary Man'),
(736, 'Rocketeer, The'),
(737, 'Lawn Dogs'),
(738, 'Carrie'),
(739, 'Only When I Laugh'),
(740, 'Earth vs. the Flying Saucers'),
(741, 'Fatal Instinct'),
(742, 'Better Living Through Circuitry'),
(743, 'Punk\'s Not Dead'),
(744, 'Playboys, The'),
(745, 'Asterix and the Vikings (Astérix et les Vikings)'),
(746, 'Rich and Famous (Gong woo ching)'),
(747, '7th Voyage of Sinbad, The'),
(748, 'Invisible Man, The'),
(749, 'Quatsch und die Nasenbärbande'),
(750, 'John Doe: Vigilante'),
(751, 'Merry Madagascar'),
(752, 'Beast at Bay, A'),
(753, 'Rendez-vous'),
(754, 'Fail Safe'),
(755, 'Employees\' Entrance'),
(756, 'Against the Current'),
(757, 'They'),
(758, 'Moulin Rouge'),
(759, 'Last Letter, The (La dernière lettre)'),
(760, 'Shopworn Angel, The'),
(761, 'Sugar Cane Alley (Rue cases nègres)'),
(762, 'Jim Thorpe -- All-American'),
(763, 'Mistress'),
(764, 'Lucky Numbers'),
(765, 'Land That Time Forgot, The'),
(766, 'Way... Way Out'),
(767, 'Critters 4'),
(768, 'Chariots of Fire'),
(769, 'Small Town, The (a.k.a. The Town) (Kasaba)'),
(770, 'London After Midnight'),
(771, 'Everybody\'s Got Somebody... Not Me'),
(772, 'Vice Versa'),
(773, 'Space Cowboys'),
(774, 'The Face of Marble'),
(775, 'Citizen Koch'),
(776, 'Advantageous'),
(777, 'Ernest Scared Stupid'),
(778, 'Al otro lado'),
(779, 'Cowboy'),
(780, 'The Boy Who Cried Werewolf'),
(781, 'Last Call, The (Tercera Llamada)'),
(782, 'Feast at Midnight, A'),
(783, 'Pootie Tang'),
(784, 'Riding Alone for Thousands of Miles (Qian li zou dan qi)'),
(785, 'In Therapy (Divã)'),
(786, 'King of Comedy (Hei kek ji wong)'),
(787, 'Vampire Academy'),
(788, 'Life Before Her Eyes, The'),
(789, 'Volver'),
(790, 'Cowboy and the Lady, The'),
(791, 'Babysitting'),
(792, 'Demonic Toys'),
(793, 'Italian for Beginners (Italiensk for begyndere)'),
(794, 'Bird of the Air, A (Loop, The)'),
(795, 'Arthur 2: On the Rocks'),
(796, 'Ticking Clock'),
(797, 'Battle of the Warriors'),
(798, 'Vicious Kind, The'),
(799, 'Don\'t Go in the House'),
(800, 'She\'s the One'),
(801, 'Pusher'),
(802, 'Human Planet'),
(803, 'Tammy'),
(804, 'Pushing Hands (Tui shou)'),
(805, 'New Wave, A'),
(806, 'Ditirambo'),
(807, 'Puerta de Hierro, el exilio de Perón'),
(808, 'Wizard, The'),
(809, 'St. Ives'),
(810, 'Mr. Moto in Danger Island'),
(811, 'Bar Girls'),
(812, 'Spy Kids: All the Time in the World in 4D'),
(813, 'Holiday (Jour de fête)'),
(814, 'Mirrors'),
(815, 'Bowling for Columbine'),
(816, 'The Eagle and the Hawk'),
(817, 'He Knows You\'re Alone (a.k.a. Blood Wedding)'),
(818, 'Shadows of Liberty '),
(819, 'Gorgeous Hussy, The'),
(820, 'Captain EO'),
(821, 'The Oblong Box'),
(822, 'Bandslam'),
(823, 'Remo Williams: The Adventure Begins'),
(824, 'Modify '),
(825, 'Blue State'),
(826, 'Vermont Is For Lovers'),
(827, '100 Men and a Girl (One Hundred Men and a Girl)'),
(828, 'Jonah Who Will Be 25 in the Year 2000 (Jonas qui aura 25 ans en l\'an 2000)'),
(829, 'Secrets, The (Sodot, Ha-)'),
(830, 'Night of the Following Day, The'),
(831, 'Psych-Out'),
(832, 'Blues Harp'),
(833, 'Bell for Adano, A (John Hersey\'s A Bell for Adano)'),
(834, 'Wild Side'),
(835, 'RoboCop'),
(836, 'Little Voice'),
(837, 'Les Tuche'),
(838, 'Backyard, The'),
(839, 'Bad Eggs'),
(840, 'Surgeon, The'),
(841, 'Entitled, The'),
(842, 'Godzilla Against MechaGodzilla (Gojira tai Mekagojira)'),
(843, 'Dog Tags'),
(844, 'How About You...'),
(845, 'Todos eran culpables'),
(846, 'Goat, The'),
(847, 'Line, The (La linea)'),
(848, 'My Side of the Mountain'),
(849, 'I\'ll Be There'),
(850, 'Marksman, The'),
(851, 'Margaret'),
(852, 'Frankenstein'),
(853, 'Simon Sez'),
(854, 'The Madagascar Penguins in a Christmas Caper'),
(855, 'Trading Places'),
(856, 'Reservoir Dogs'),
(857, 'Wilson'),
(858, 'Majesteit'),
(859, 'Hell Without Limits (Lugar sin límites, El)'),
(860, 'Tale of Two Sisters, A (Janghwa, Hongryeon)'),
(861, 'American Loser (Trainwreck: My Life as an Idiot)'),
(862, 'Rain or Shine'),
(863, 'The Brides of Fu Manchu'),
(864, 'Day of the Dead'),
(865, 'Dead Man'),
(866, 'Out of the Clear Blue Sky'),
(867, 'Wimbledon'),
(868, 'Girl Walks Into a Bar'),
(869, 'Antboy'),
(870, 'Jungle Book of Regulations, A (Nie Ma Rozy Bez Ognia)'),
(871, 'Boy in the Striped Pajamas, The (Boy in the Striped Pyjamas, The)'),
(872, 'Lost and Delirious'),
(873, 'Do Not Disturb'),
(874, 'Very Social Secretary, A'),
(875, 'Rocky Saga: Going the Distance, The'),
(876, 'Rent-A-Cop'),
(877, 'Dead Snow 2: Red vs. Dead '),
(878, 'Cold Weather'),
(879, 'Day and Night (Le jour et la nuit)'),
(880, 'Sergeant York'),
(881, 'What a Way to Go!'),
(882, 'JCVD'),
(883, 'Watermelon Man'),
(884, 'Admissions'),
(885, 'Michael'),
(886, 'Highlander II: The Quickening'),
(887, 'Good Copy Bad Copy'),
(888, 'Rambo (Rambo 4)'),
(889, 'Chinese Odyssey 2002 (Tian xia wu shuang)'),
(890, 'Carlos'),
(891, 'Lilla Jönssonligan på styva linan'),
(892, 'Game of Their Lives, The'),
(893, 'The Merry Widow'),
(894, 'Two Mules for Sister Sara'),
(895, 'Penguins of Madagascar'),
(896, 'Street Scene'),
(897, 'Make Way for Tomorrow'),
(898, 'Innocent Blood'),
(899, 'Irony of Fate, or Enjoy Your Bath! (Ironiya sudby, ili S legkim parom!)'),
(900, 'S.W.A.T.: Firefight'),
(901, 'Smashing Time'),
(902, 'Safe Conduct (Laissez-Passer)'),
(903, 'Year Zero: The Silent Death of Cambodia'),
(904, 'Mr. Robinson Crusoe'),
(905, 'Doctor Bull'),
(906, 'Marooned'),
(907, 'Rock-a-Bye Baby'),
(908, 'Rundown, The'),
(909, '4.3.2.1'),
(910, 'Shottas'),
(911, 'Commune'),
(912, 'Monty Python\'s And Now for Something Completely Different'),
(913, 'Flash Gordon'),
(914, 'Great Diamond Robbery, The'),
(915, 'Around the World in 80 Days'),
(916, 'Always for Pleasure'),
(917, 'Children of Men'),
(918, 'Lucrèce Borgia'),
(919, 'Murk (Mørke)'),
(920, 'Curse of the Hedgehog, The (Blestemul ariciului)'),
(921, 'My Summer of Love'),
(922, 'The Chatterley Affair'),
(923, 'A Fugitive from the Past'),
(924, 'Under the Bombs'),
(925, 'PT 109'),
(926, 'Nightmare on Elm Street 2: Freddy\'s Revenge, A'),
(927, 'Klimt'),
(928, 'Blind Date'),
(929, 'Sundome'),
(930, 'Love on the Run (Amour en fuite, L\')'),
(931, 'Cassandra\'s Dream'),
(932, 'Thurgood'),
(933, 'Crane World (Mundo grúa)'),
(934, 'Good Marriage, A (Beau mariage, Le)'),
(935, 'Brothers, The'),
(936, 'Crime Zone'),
(937, 'Golden Christmas, A'),
(938, 'As Cool As I Am'),
(939, 'No habrá paz para los malvados'),
(940, 'Firm, The'),
(941, 'Red Angel (Akai tenshi)'),
(942, 'Power/Rangers'),
(943, 'Vertigo'),
(944, 'Knight of Cups'),
(945, 'Trojan War'),
(946, 'Gunbuster (Top wo Narae)'),
(947, 'Majestic, The'),
(948, 'Maniacts'),
(949, 'Manon of the Spring (Manon des sources)'),
(950, 'Little Help, A'),
(951, 'Swindle, The (Bidone, Il)'),
(952, 'Stone Angel, The'),
(953, 'William Vincent (Shadows and Lies)'),
(954, 'Noose, The (Petla)'),
(955, 'Jane Austen Book Club, The'),
(956, 'Dream Wife'),
(957, 'Your Friend the Rat'),
(958, 'These Are the Damned (a.k.a. The Damned)'),
(959, 'House of Tolerance'),
(960, 'Azumi 2: Death or Love'),
(961, 'Cabin Fever 2: Spring Fever'),
(962, 'Sum of Us, The'),
(963, 'Gunbuster (Top wo Narae)'),
(964, 'Family Plot'),
(965, 'Scarlet Letter, The'),
(966, 'Cat People'),
(967, 'King Arthur'),
(968, 'FC Venus'),
(969, 'Legend of the Guardians: The Owls of Ga\'Hoole'),
(970, 'Machine, The'),
(971, 'Competition, The'),
(972, 'Grave Encounters 2'),
(973, 'Holcroft Covenant, The'),
(974, 'Letters to Father Jacob (Postia pappi Jaakobille)'),
(975, 'Wise Guys, The (Les grandes gueules)'),
(976, 'Lesson Plan '),
(977, 'All Tomorrow\'s Parties'),
(978, 'Somewhere Under the Broad Sky'),
(979, 'Truth About Cats & Dogs, The'),
(980, 'How to Train Your Dragon 2'),
(981, 'Babymother'),
(982, 'Charlie Chan\'s Chance'),
(983, 'Blame (6 Films to Keep You Awake) (Películas para no dormir: La culpa)'),
(984, 'Ator, the Fighting Eagle (Ator l\'invincibile)'),
(985, 'Silk Stockings'),
(986, 'Standard Operating Procedure'),
(987, 'Glass Menagerie, The'),
(988, 'Hawk Is Dying, The'),
(989, 'The Seven Males'),
(990, 'Chill Out! (Descongélate!)'),
(991, 'As it is in Heaven (Så som i himmelen)'),
(992, 'Capturing the Friedmans'),
(993, 'German Doctor, The (Wakolda)'),
(994, 'Stupid Boy (Garçon stupide)'),
(995, 'Nim\'s Island'),
(996, 'Tale of Zatoichi, The (Zatôichi monogatari) (Zatôichi 1)'),
(997, 'Illuminata'),
(998, 'Think Fast, Mr. Moto'),
(999, 'Uncle Marin, the Billionaire (Nea Marin miliardar) (Uncle Martin, the Multimillionaire)'),
(1000, 'Gamera vs. Jiger');

-- --------------------------------------------------------

--
-- Table structure for table `MoviesGenres`
--

DROP TABLE IF EXISTS `MoviesGenres`;
CREATE TABLE `MoviesGenres` (
  `id` int NOT NULL,
  `movieID` varchar(255) DEFAULT NULL,
  `genreID` int DEFAULT NULL
) ENGINE=InnoDB DEFAULT CHARSET=utf8mb4 COLLATE=utf8mb4_0900_ai_ci;

--
-- Dumping data for table `MoviesGenres`
--

INSERT INTO `MoviesGenres` (`id`, `movieID`, `genreID`) VALUES
(1, '1', 7),
(2, '1', 9),
(3, '2', 6),
(4, '2', 9),
(5, '2', 12),
(6, '3', 6),
(7, '3', 7),
(8, '3', 9),
(9, '4', 3),
(10, '4', 9),
(11, '4', 16),
(12, '5', 2),
(13, '5', 18),
(14, '6', 8),
(15, '7', 2),
(16, '7', 3),
(17, '7', 17),
(18, '8', 6),
(19, '8', 9),
(20, '8', 16),
(21, '9', 9),
(22, '9', 14),
(23, '10', 2),
(24, '10', 6),
(25, '10', 9),
(26, '11', 9),
(27, '11', 18),
(28, '12', 6),
(29, '13', 6),
(30, '14', 12),
(31, '15', 2),
(32, '15', 3),
(33, '15', 18),
(34, '16', 9),
(35, '17', 6),
(36, '17', 9),
(37, '17', 16),
(38, '18', 7),
(39, '18', 16),
(40, '18', 18),
(41, '19', 9),
(42, '19', 16),
(43, '20', 12),
(44, '20', 15),
(45, '20', 18),
(46, '21', 9),
(47, '21', 18),
(48, '22', 9),
(49, '23', 9),
(50, '23', 19),
(51, '24', 2),
(52, '24', 3),
(53, '25', 8),
(54, '26', 2),
(55, '26', 9),
(56, '27', 2),
(57, '27', 3),
(58, '27', 17),
(59, '28', 6),
(60, '29', 9),
(61, '30', 12),
(62, '30', 17),
(63, '30', 18),
(64, '31', 9),
(65, '32', 9),
(66, '32', 19),
(67, '33', 12),
(68, '33', 18),
(69, '34', 8),
(70, '35', 2),
(71, '35', 17),
(72, '36', 4),
(73, '36', 5),
(74, '36', 10),
(75, '36', 14),
(76, '37', 9),
(77, '38', 6),
(78, '38', 9),
(79, '39', 17),
(80, '40', 9),
(81, '41', 8),
(82, '42', 2),
(83, '43', 8),
(84, '44', 7),
(85, '44', 9),
(86, '44', 11),
(87, '45', 12),
(88, '45', 18),
(89, '46', 9),
(90, '47', 9),
(91, '47', 18),
(92, '48', 6),
(93, '49', 6),
(94, '49', 9),
(95, '49', 16),
(96, '50', 9),
(97, '51', 6),
(98, '52', 9),
(99, '52', 19),
(100, '53', 7),
(101, '53', 12),
(102, '53', 15),
(103, '53', 17),
(104, '54', 9),
(105, '55', 7),
(106, '55', 16),
(107, '55', 18),
(108, '56', 5),
(109, '56', 9),
(110, '57', 6),
(111, '57', 10),
(112, '58', 9),
(113, '59', 17),
(114, '60', 9),
(115, '60', 15),
(116, '60', 18),
(117, '61', 9),
(118, '61', 18),
(119, '62', 7),
(120, '62', 9),
(121, '62', 11),
(122, '62', 18),
(123, '63', 6),
(124, '64', 9),
(125, '65', 9),
(126, '66', 9),
(127, '66', 16),
(128, '67', 9),
(129, '67', 16),
(130, '68', 2),
(131, '68', 18),
(132, '69', 9),
(133, '70', 2),
(134, '70', 5),
(135, '71', 9),
(136, '72', 6),
(137, '72', 9),
(138, '72', 16),
(139, '73', 9),
(140, '73', 16),
(141, '74', 8),
(142, '75', 6),
(143, '75', 7),
(144, '76', 6),
(145, '76', 9),
(146, '76', 14),
(147, '77', 9),
(148, '78', 2),
(149, '78', 7),
(150, '78', 9),
(151, '79', 2),
(152, '79', 7),
(153, '79', 18),
(154, '80', 7),
(155, '80', 9),
(156, '80', 18),
(157, '80', 20),
(158, '81', 7),
(159, '81', 9),
(160, '82', 2),
(161, '82', 3),
(162, '82', 18),
(163, '83', 9),
(164, '83', 12),
(165, '83', 18),
(166, '84', 7),
(167, '84', 9),
(168, '84', 16),
(169, '85', 9),
(170, '85', 16),
(171, '85', 17),
(172, '86', 4),
(173, '86', 6),
(174, '86', 17),
(175, '87', 9),
(176, '88', 9),
(177, '89', 9),
(178, '90', 6),
(179, '90', 20),
(180, '91', 2),
(181, '92', 3),
(182, '93', 6),
(183, '93', 9),
(184, '94', 3),
(185, '94', 5),
(186, '94', 6),
(187, '94', 10),
(188, '94', 15),
(189, '95', 9),
(190, '96', 12),
(191, '96', 18),
(192, '97', 8),
(193, '98', 8),
(194, '99', 17),
(195, '100', 6),
(196, '100', 9),
(197, '101', 8),
(198, '102', 1),
(199, '103', 6),
(200, '103', 9),
(201, '104', 3),
(202, '104', 9),
(203, '104', 10),
(204, '105', 3),
(205, '105', 5),
(206, '105', 9),
(207, '106', 2),
(208, '106', 7),
(209, '106', 9),
(210, '106', 18),
(211, '107', 2),
(212, '107', 9),
(213, '107', 19),
(214, '108', 6),
(215, '109', 8),
(216, '110', 6),
(217, '110', 9),
(218, '110', 16),
(219, '111', 4),
(220, '111', 9),
(221, '111', 16),
(222, '111', 19),
(223, '112', 9),
(224, '113', 9),
(225, '114', 12),
(226, '114', 17),
(227, '115', 3),
(228, '115', 6),
(229, '115', 10),
(230, '115', 12),
(231, '116', 2),
(232, '116', 3),
(233, '116', 5),
(234, '116', 6),
(235, '116', 7),
(236, '117', 7),
(237, '117', 9),
(238, '118', 5),
(239, '118', 9),
(240, '119', 9),
(241, '120', 7),
(242, '120', 8),
(243, '121', 4),
(244, '121', 5),
(245, '121', 10),
(246, '122', 9),
(247, '122', 16),
(248, '123', 6),
(249, '123', 16),
(250, '124', 20),
(251, '125', 9),
(252, '126', 7),
(253, '126', 18),
(254, '127', 9),
(255, '127', 16),
(256, '128', 2),
(257, '128', 3),
(258, '128', 10),
(259, '128', 17),
(260, '129', 2),
(261, '129', 9),
(262, '130', 12),
(263, '131', 6),
(264, '131', 7),
(265, '132', 9),
(266, '132', 16),
(267, '133', 12),
(268, '133', 15),
(269, '134', 6),
(270, '134', 9),
(271, '134', 16),
(272, '134', 19),
(273, '135', 6),
(274, '135', 10),
(275, '136', 6),
(276, '136', 9),
(277, '137', 9),
(278, '137', 16),
(279, '138', 3),
(280, '138', 18),
(281, '138', 20),
(282, '139', 6),
(283, '139', 12),
(284, '140', 9),
(285, '141', 2),
(286, '141', 7),
(287, '141', 18),
(288, '142', 9),
(289, '142', 14),
(290, '142', 16),
(291, '143', 2),
(292, '143', 10),
(293, '143', 12),
(294, '143', 18),
(295, '144', 18),
(296, '145', 6),
(297, '146', 6),
(298, '147', 7),
(299, '147', 12),
(300, '147', 15),
(301, '147', 18),
(302, '148', 10),
(303, '148', 12),
(304, '148', 15),
(305, '148', 18),
(306, '149', 8),
(307, '150', 6),
(308, '151', 14),
(309, '152', 9),
(310, '153', 6),
(311, '153', 16),
(312, '154', 8),
(313, '155', 3),
(314, '155', 17),
(315, '156', 6),
(316, '156', 16),
(317, '157', 8),
(318, '158', 6),
(319, '158', 14),
(320, '158', 16),
(321, '159', 9),
(322, '160', 4),
(323, '160', 10),
(324, '161', 6),
(325, '161', 14),
(326, '162', 9),
(327, '163', 6),
(328, '163', 9),
(329, '164', 9),
(330, '164', 16),
(331, '165', 2),
(332, '165', 7),
(333, '166', 9),
(334, '167', 2),
(335, '167', 17),
(336, '168', 6),
(337, '168', 9),
(338, '169', 12),
(339, '170', 9),
(340, '170', 18),
(341, '171', 8),
(342, '172', 9),
(343, '173', 2),
(344, '173', 3),
(345, '173', 10),
(346, '174', 18),
(347, '175', 9),
(348, '175', 10),
(349, '175', 16),
(350, '176', 6),
(351, '176', 12),
(352, '177', 9),
(353, '178', 2),
(354, '178', 3),
(355, '179', 8),
(356, '180', 9),
(357, '180', 16),
(358, '181', 8),
(359, '182', 9),
(360, '183', 9),
(361, '184', 6),
(362, '184', 9),
(363, '185', 6),
(364, '186', 9),
(365, '187', 6),
(366, '187', 15),
(367, '188', 9),
(368, '188', 18),
(369, '189', 7),
(370, '189', 9),
(371, '189', 19),
(372, '190', 9),
(373, '191', 9),
(374, '191', 19),
(375, '192', 9),
(376, '193', 9),
(377, '193', 18),
(378, '194', 2),
(379, '194', 3),
(380, '194', 6),
(381, '194', 16),
(382, '195', 6),
(383, '196', 6),
(384, '196', 9),
(385, '196', 16),
(386, '197', 7),
(387, '197', 9),
(388, '198', 8),
(389, '199', 6),
(390, '199', 9),
(391, '199', 16),
(392, '200', 2),
(393, '200', 6),
(394, '201', 3),
(395, '201', 10),
(396, '202', 6),
(397, '203', 9),
(398, '203', 18),
(399, '204', 12),
(400, '205', 3),
(401, '205', 6),
(402, '205', 16),
(403, '206', 10),
(404, '206', 12),
(405, '207', 9),
(406, '208', 9),
(407, '209', 9),
(408, '210', 6),
(409, '210', 9),
(410, '211', 12),
(411, '211', 15),
(412, '211', 18),
(413, '212', 9),
(414, '213', 9),
(415, '214', 3),
(416, '214', 16),
(417, '215', 2),
(418, '216', 2),
(419, '216', 6),
(420, '216', 7),
(421, '217', 7),
(422, '217', 9),
(423, '218', 9),
(424, '218', 16),
(425, '218', 18),
(426, '219', 2),
(427, '219', 9),
(428, '219', 18),
(429, '219', 19),
(430, '220', 15),
(431, '220', 20),
(432, '221', 3),
(433, '221', 6),
(434, '222', 6),
(435, '223', 8),
(436, '224', 5),
(437, '224', 6),
(438, '225', 9),
(439, '226', 6),
(440, '227', 19),
(441, '228', 8),
(442, '229', 9),
(443, '230', 7),
(444, '230', 16),
(445, '231', 6),
(446, '231', 16),
(447, '232', 6),
(448, '232', 20),
(449, '233', 9),
(450, '234', 6),
(451, '234', 16),
(452, '234', 20),
(453, '235', 9),
(454, '235', 19),
(455, '236', 2),
(456, '236', 9),
(457, '236', 19),
(458, '237', 2),
(459, '237', 3),
(460, '237', 4),
(461, '237', 5),
(462, '237', 17),
(463, '238', 6),
(464, '238', 10),
(465, '238', 12),
(466, '238', 17),
(467, '238', 18),
(468, '239', 9),
(469, '240', 6),
(470, '241', 2),
(471, '241', 9),
(472, '241', 18),
(473, '242', 18),
(474, '243', 8),
(475, '244', 9),
(476, '244', 12),
(477, '244', 18),
(478, '245', 6),
(479, '245', 9),
(480, '246', 2),
(481, '246', 10),
(482, '246', 12),
(483, '246', 18),
(484, '247', 7),
(485, '247', 9),
(486, '248', 8),
(487, '249', 17),
(488, '249', 18),
(489, '250', 8),
(490, '251', 9),
(491, '251', 16),
(492, '252', 9),
(493, '252', 16),
(494, '253', 2),
(495, '253', 3),
(496, '253', 6),
(497, '253', 16),
(498, '254', 8),
(499, '254', 19),
(500, '255', 1),
(501, '256', 6),
(502, '256', 9),
(503, '256', 16),
(504, '257', 18),
(505, '258', 7),
(506, '258', 9),
(507, '258', 11),
(508, '258', 18),
(509, '259', 2),
(510, '259', 3),
(511, '259', 17),
(512, '260', 2),
(513, '260', 6),
(514, '260', 7),
(515, '261', 2),
(516, '261', 6),
(517, '262', 2),
(518, '262', 9),
(519, '262', 16),
(520, '263', 7),
(521, '263', 9),
(522, '263', 16),
(523, '264', 6),
(524, '265', 9),
(525, '266', 6),
(526, '266', 9),
(527, '266', 16),
(528, '267', 6),
(529, '267', 9),
(530, '267', 16),
(531, '268', 2),
(532, '268', 7),
(533, '268', 18),
(534, '269', 9),
(535, '270', 9),
(536, '270', 15),
(537, '271', 2),
(538, '271', 7),
(539, '271', 9),
(540, '271', 18),
(541, '272', 9),
(542, '273', 7),
(543, '273', 9),
(544, '274', 8),
(545, '275', 12),
(546, '275', 18),
(547, '276', 5),
(548, '276', 6),
(549, '276', 9),
(550, '277', 9),
(551, '278', 2),
(552, '278', 9),
(553, '278', 18),
(554, '279', 9),
(555, '279', 19),
(556, '280', 2),
(557, '280', 6),
(558, '280', 7),
(559, '280', 10),
(560, '280', 13),
(561, '280', 18),
(562, '281', 9),
(563, '282', 9),
(564, '283', 9),
(565, '283', 12),
(566, '284', 6),
(567, '284', 12),
(568, '284', 16),
(569, '285', 9),
(570, '285', 19),
(571, '286', 6),
(572, '286', 16),
(573, '287', 9),
(574, '287', 12),
(575, '288', 6),
(576, '288', 7),
(577, '288', 15),
(578, '288', 18),
(579, '289', 9),
(580, '289', 18),
(581, '290', 4),
(582, '290', 6),
(583, '291', 9),
(584, '292', 8),
(585, '293', 6),
(586, '293', 14),
(587, '294', 6),
(588, '294', 10),
(589, '294', 16),
(590, '294', 17),
(591, '295', 9),
(592, '295', 14),
(593, '296', 7),
(594, '296', 9),
(595, '297', 9),
(596, '298', 12),
(597, '298', 15),
(598, '298', 17),
(599, '298', 18),
(600, '299', 9),
(601, '300', 12),
(602, '300', 17),
(603, '301', 17),
(604, '302', 5),
(605, '302', 6),
(606, '302', 10),
(607, '303', 7),
(608, '303', 9),
(609, '303', 18),
(610, '304', 2),
(611, '304', 3),
(612, '305', 9),
(613, '306', 1),
(614, '307', 14),
(615, '308', 16),
(616, '308', 20),
(617, '309', 6),
(618, '309', 9),
(619, '309', 16),
(620, '310', 5),
(621, '310', 9),
(622, '311', 6),
(623, '312', 6),
(624, '312', 9),
(625, '313', 6),
(626, '313', 9),
(627, '314', 3),
(628, '314', 4),
(629, '314', 5),
(630, '314', 6),
(631, '315', 9),
(632, '316', 9),
(633, '316', 17),
(634, '317', 2),
(635, '317', 16),
(636, '317', 20),
(637, '318', 6),
(638, '318', 9),
(639, '318', 16),
(640, '319', 9),
(641, '320', 3),
(642, '320', 4),
(643, '320', 9),
(644, '321', 6),
(645, '321', 12),
(646, '321', 17),
(647, '321', 18),
(648, '322', 9),
(649, '323', 6),
(650, '323', 9),
(651, '324', 2),
(652, '324', 3),
(653, '324', 9),
(654, '324', 19),
(655, '325', 6),
(656, '325', 9),
(657, '326', 7),
(658, '326', 12),
(659, '326', 18),
(660, '327', 16),
(661, '328', 4),
(662, '328', 17),
(663, '329', 12),
(664, '329', 15),
(665, '330', 5),
(666, '330', 6),
(667, '330', 14),
(668, '331', 2),
(669, '331', 4),
(670, '331', 6),
(671, '332', 6),
(672, '332', 14),
(673, '333', 9),
(674, '334', 9),
(675, '335', 2),
(676, '335', 4),
(677, '336', 9),
(678, '337', 6),
(679, '337', 17),
(680, '338', 9),
(681, '338', 16),
(682, '339', 6),
(683, '339', 15),
(684, '340', 12),
(685, '340', 18),
(686, '341', 2),
(687, '341', 3),
(688, '341', 9),
(689, '341', 10),
(690, '341', 12),
(691, '341', 16),
(692, '341', 17),
(693, '342', 7),
(694, '343', 9),
(695, '344', 9),
(696, '345', 9),
(697, '346', 3),
(698, '346', 16),
(699, '347', 9),
(700, '348', 8),
(701, '349', 6),
(702, '350', 2),
(703, '350', 7),
(704, '350', 9),
(705, '351', 9),
(706, '352', 7),
(707, '352', 18),
(708, '353', 9),
(709, '353', 19),
(710, '354', 12),
(711, '354', 17),
(712, '355', 9),
(713, '355', 18),
(714, '356', 9),
(715, '356', 16),
(716, '357', 9),
(717, '357', 11),
(718, '357', 16),
(719, '358', 9),
(720, '358', 15),
(721, '359', 9),
(722, '360', 8),
(723, '361', 6),
(724, '361', 9),
(725, '362', 9),
(726, '362', 16),
(727, '363', 6),
(728, '363', 7),
(729, '364', 6),
(730, '365', 6),
(731, '366', 6),
(732, '366', 9),
(733, '367', 9),
(734, '368', 8),
(735, '369', 9),
(736, '370', 9),
(737, '370', 16),
(738, '371', 6),
(739, '372', 6),
(740, '372', 9),
(741, '373', 8),
(742, '374', 7),
(743, '374', 9),
(744, '374', 18),
(745, '375', 18),
(746, '376', 6),
(747, '377', 7),
(748, '377', 9),
(749, '378', 12),
(750, '378', 17),
(751, '378', 18),
(752, '379', 7),
(753, '379', 9),
(754, '379', 10),
(755, '380', 12),
(756, '381', 6),
(757, '381', 14),
(758, '381', 20),
(759, '382', 14),
(760, '382', 20),
(761, '383', 9),
(762, '384', 9),
(763, '384', 16),
(764, '385', 9),
(765, '386', 6),
(766, '386', 7),
(767, '386', 9),
(768, '387', 2),
(769, '387', 9),
(770, '387', 16),
(771, '388', 7),
(772, '388', 9),
(773, '388', 18),
(774, '389', 12),
(775, '390', 9),
(776, '390', 12),
(777, '390', 15),
(778, '391', 6),
(779, '391', 9),
(780, '391', 16),
(781, '392', 6),
(782, '392', 16),
(783, '393', 9),
(784, '393', 18),
(785, '394', 2),
(786, '394', 3),
(787, '394', 9),
(788, '395', 9),
(789, '395', 19),
(790, '396', 6),
(791, '396', 14),
(792, '396', 16),
(793, '397', 6),
(794, '397', 14),
(795, '397', 16),
(796, '398', 2),
(797, '398', 10),
(798, '399', 8),
(799, '399', 9),
(800, '400', 6),
(801, '400', 7),
(802, '400', 16),
(803, '401', 6),
(804, '401', 16),
(805, '402', 2),
(806, '402', 3),
(807, '402', 6),
(808, '403', 9),
(809, '403', 16),
(810, '404', 2),
(811, '404', 3),
(812, '404', 4),
(813, '405', 7),
(814, '405', 9),
(815, '405', 11),
(816, '405', 18),
(817, '406', 1),
(818, '407', 2),
(819, '407', 3),
(820, '407', 10),
(821, '407', 17),
(822, '408', 8),
(823, '409', 9),
(824, '409', 16),
(825, '410', 7),
(826, '410', 9),
(827, '410', 18),
(828, '411', 7),
(829, '411', 9),
(830, '411', 15),
(831, '411', 18),
(832, '412', 9),
(833, '413', 6),
(834, '414', 9),
(835, '414', 16),
(836, '415', 9),
(837, '415', 16),
(838, '416', 7),
(839, '416', 9),
(840, '416', 16),
(841, '417', 9),
(842, '417', 16),
(843, '418', 9),
(844, '419', 9),
(845, '420', 12),
(846, '420', 15),
(847, '420', 18),
(848, '421', 12),
(849, '421', 15),
(850, '421', 17),
(851, '421', 18),
(852, '422', 6),
(853, '423', 18),
(854, '424', 8),
(855, '425', 8),
(856, '426', 9),
(857, '427', 12),
(858, '427', 15),
(859, '427', 18),
(860, '428', 9),
(861, '428', 14),
(862, '428', 16),
(863, '429', 6),
(864, '430', 9),
(865, '431', 2),
(866, '431', 9),
(867, '431', 17),
(868, '431', 18),
(869, '432', 9),
(870, '432', 11),
(871, '432', 16),
(872, '433', 2),
(873, '433', 9),
(874, '434', 9),
(875, '435', 2),
(876, '436', 6),
(877, '437', 12),
(878, '438', 6),
(879, '438', 12),
(880, '439', 9),
(881, '440', 9),
(882, '441', 2),
(883, '441', 3),
(884, '441', 9),
(885, '442', 6),
(886, '442', 16),
(887, '443', 8),
(888, '444', 12),
(889, '444', 15),
(890, '444', 18),
(891, '445', 12),
(892, '446', 3),
(893, '446', 6),
(894, '446', 12),
(895, '446', 16),
(896, '447', 9),
(897, '447', 16),
(898, '448', 8),
(899, '449', 9),
(900, '449', 16),
(901, '450', 8),
(902, '451', 9),
(903, '451', 16),
(904, '452', 14),
(905, '452', 16),
(906, '452', 20),
(907, '453', 5),
(908, '453', 6),
(909, '454', 7),
(910, '454', 9),
(911, '454', 18),
(912, '455', 8),
(913, '456', 9),
(914, '457', 9),
(915, '458', 9),
(916, '459', 3),
(917, '459', 5),
(918, '459', 10),
(919, '459', 20),
(920, '460', 9),
(921, '461', 6),
(922, '461', 7),
(923, '461', 9),
(924, '461', 16),
(925, '462', 10),
(926, '462', 12),
(927, '462', 18),
(928, '463', 9),
(929, '463', 16),
(930, '464', 6),
(931, '464', 16),
(932, '465', 2),
(933, '465', 9),
(934, '466', 6),
(935, '466', 9),
(936, '467', 6),
(937, '467', 17),
(938, '468', 9),
(939, '469', 9),
(940, '470', 8),
(941, '471', 2),
(942, '471', 12),
(943, '471', 18),
(944, '472', 12),
(945, '472', 15),
(946, '472', 18),
(947, '473', 9),
(948, '473', 18),
(949, '474', 6),
(950, '474', 12),
(951, '474', 17),
(952, '475', 8),
(953, '476', 9),
(954, '476', 16),
(955, '477', 2),
(956, '477', 19),
(957, '478', 9),
(958, '478', 19),
(959, '479', 9),
(960, '479', 16),
(961, '480', 9),
(962, '481', 9),
(963, '482', 6),
(964, '483', 2),
(965, '483', 3),
(966, '484', 9),
(967, '484', 10),
(968, '484', 15),
(969, '484', 16),
(970, '485', 9),
(971, '486', 2),
(972, '486', 18),
(973, '487', 9),
(974, '487', 16),
(975, '488', 6),
(976, '488', 9),
(977, '489', 5),
(978, '489', 6),
(979, '490', 6),
(980, '490', 9),
(981, '490', 10),
(982, '490', 14),
(983, '491', 2),
(984, '491', 3),
(985, '491', 4),
(986, '491', 6),
(987, '491', 18),
(988, '492', 9),
(989, '493', 7),
(990, '493', 9),
(991, '493', 16),
(992, '494', 2),
(993, '494', 3),
(994, '494', 7),
(995, '494', 18),
(996, '495', 6),
(997, '495', 9),
(998, '495', 16),
(999, '496', 8),
(1000, '496', 9),
(1001, '497', 20),
(1002, '498', 6),
(1003, '498', 8),
(1004, '499', 8),
(1005, '500', 3),
(1006, '501', 9),
(1007, '501', 19),
(1008, '502', 8),
(1009, '503', 3),
(1010, '503', 6),
(1011, '504', 9),
(1012, '504', 16),
(1013, '505', 2),
(1014, '505', 7),
(1015, '505', 9),
(1016, '505', 16),
(1017, '505', 18),
(1018, '506', 9),
(1019, '506', 18),
(1020, '507', 6),
(1021, '507', 9),
(1022, '508', 9),
(1023, '508', 18),
(1024, '509', 9),
(1025, '509', 16),
(1026, '510', 18),
(1027, '511', 9),
(1028, '512', 6),
(1029, '512', 7),
(1030, '512', 9),
(1031, '512', 18),
(1032, '513', 9),
(1033, '513', 16),
(1034, '514', 9),
(1035, '515', 18),
(1036, '516', 20),
(1037, '517', 6),
(1038, '517', 16),
(1039, '518', 2),
(1040, '518', 6),
(1041, '518', 13),
(1042, '518', 17),
(1043, '519', 2),
(1044, '519', 3),
(1045, '520', 3),
(1046, '520', 5),
(1047, '520', 6),
(1048, '520', 10),
(1049, '520', 16),
(1050, '521', 6),
(1051, '521', 9),
(1052, '522', 9),
(1053, '522', 12),
(1054, '522', 18),
(1055, '523', 6),
(1056, '524', 9),
(1057, '525', 9),
(1058, '525', 15),
(1059, '525', 18),
(1060, '526', 9),
(1061, '527', 7),
(1062, '527', 9),
(1063, '527', 15),
(1064, '528', 9),
(1065, '529', 4),
(1066, '529', 5),
(1067, '529', 10),
(1068, '529', 14),
(1069, '530', 9),
(1070, '531', 9),
(1071, '531', 19),
(1072, '532', 9),
(1073, '533', 9),
(1074, '534', 8),
(1075, '534', 14),
(1076, '535', 2),
(1077, '536', 9),
(1078, '537', 7),
(1079, '537', 9),
(1080, '537', 18),
(1081, '538', 9),
(1082, '539', 20),
(1083, '540', 3),
(1084, '540', 17),
(1085, '540', 18),
(1086, '541', 6),
(1087, '541', 9),
(1088, '542', 8),
(1089, '542', 14),
(1090, '543', 2),
(1091, '543', 3),
(1092, '543', 6),
(1093, '543', 17),
(1094, '544', 3),
(1095, '544', 9),
(1096, '545', 4),
(1097, '545', 5),
(1098, '545', 6),
(1099, '546', 6),
(1100, '547', 4),
(1101, '547', 5),
(1102, '547', 6),
(1103, '548', 6),
(1104, '548', 16),
(1105, '549', 6),
(1106, '550', 2),
(1107, '550', 3),
(1108, '550', 6),
(1109, '550', 10),
(1110, '550', 12),
(1111, '550', 18),
(1112, '551', 8),
(1113, '552', 6),
(1114, '553', 9),
(1115, '554', 6),
(1116, '555', 1),
(1117, '556', 6),
(1118, '556', 12),
(1119, '557', 6),
(1120, '557', 10),
(1121, '558', 12),
(1122, '559', 2),
(1123, '559', 3),
(1124, '559', 17),
(1125, '559', 18),
(1126, '560', 6),
(1127, '561', 17),
(1128, '562', 9),
(1129, '563', 7),
(1130, '563', 11),
(1131, '563', 18),
(1132, '564', 9),
(1133, '564', 14),
(1134, '565', 2),
(1135, '565', 9),
(1136, '566', 8),
(1137, '567', 9),
(1138, '567', 16),
(1139, '568', 6),
(1140, '568', 12),
(1141, '569', 8),
(1142, '570', 6),
(1143, '570', 9),
(1144, '570', 10),
(1145, '571', 12),
(1146, '571', 18),
(1147, '572', 8),
(1148, '573', 9),
(1149, '574', 7),
(1150, '574', 9),
(1151, '574', 11),
(1152, '574', 18),
(1153, '575', 6),
(1154, '576', 9),
(1155, '576', 11),
(1156, '576', 16),
(1157, '577', 6),
(1158, '577', 7),
(1159, '577', 9),
(1160, '577', 15),
(1161, '578', 6),
(1162, '578', 9),
(1163, '579', 9),
(1164, '579', 16),
(1165, '579', 19),
(1166, '580', 6),
(1167, '581', 2),
(1168, '581', 7),
(1169, '581', 18),
(1170, '582', 15),
(1171, '582', 18),
(1172, '583', 9),
(1173, '583', 16),
(1174, '584', 9),
(1175, '584', 19),
(1176, '585', 6),
(1177, '585', 9),
(1178, '585', 15),
(1179, '586', 9),
(1180, '586', 17),
(1181, '587', 2),
(1182, '587', 6),
(1183, '588', 6),
(1184, '588', 12),
(1185, '588', 15),
(1186, '589', 8),
(1187, '590', 8),
(1188, '591', 7),
(1189, '591', 9),
(1190, '591', 16),
(1191, '592', 6),
(1192, '592', 14),
(1193, '593', 6),
(1194, '593', 9),
(1195, '594', 9),
(1196, '595', 9),
(1197, '595', 16),
(1198, '596', 9),
(1199, '597', 6),
(1200, '598', 8),
(1201, '599', 6),
(1202, '600', 12),
(1203, '601', 8),
(1204, '602', 7),
(1205, '602', 9),
(1206, '602', 15),
(1207, '603', 8),
(1208, '604', 7),
(1209, '604', 9),
(1210, '604', 15),
(1211, '604', 18),
(1212, '605', 7),
(1213, '605', 9),
(1214, '606', 6),
(1215, '606', 9),
(1216, '607', 6),
(1217, '607', 9),
(1218, '607', 16),
(1219, '608', 12),
(1220, '609', 9),
(1221, '609', 15),
(1222, '610', 7),
(1223, '610', 15),
(1224, '611', 5),
(1225, '611', 9),
(1226, '612', 9),
(1227, '612', 10),
(1228, '612', 16),
(1229, '613', 9),
(1230, '613', 10),
(1231, '613', 14),
(1232, '614', 6),
(1233, '615', 12),
(1234, '616', 18),
(1235, '617', 9),
(1236, '617', 16),
(1237, '618', 12),
(1238, '619', 9),
(1239, '620', 8),
(1240, '621', 2),
(1241, '621', 7),
(1242, '621', 9),
(1243, '622', 6),
(1244, '622', 9),
(1245, '622', 10),
(1246, '623', 6),
(1247, '623', 16),
(1248, '624', 9),
(1249, '625', 6),
(1250, '625', 14),
(1251, '626', 9),
(1252, '626', 16),
(1253, '627', 2),
(1254, '627', 3),
(1255, '627', 19),
(1256, '628', 7),
(1257, '628', 9),
(1258, '629', 9),
(1259, '629', 18),
(1260, '630', 4),
(1261, '631', 9),
(1262, '631', 16),
(1263, '632', 12),
(1264, '632', 18),
(1265, '633', 5),
(1266, '633', 6),
(1267, '634', 6),
(1268, '634', 7),
(1269, '635', 6),
(1270, '635', 9),
(1271, '636', 8),
(1272, '637', 9),
(1273, '638', 2),
(1274, '638', 3),
(1275, '638', 4),
(1276, '638', 5),
(1277, '638', 6),
(1278, '639', 18),
(1279, '640', 3),
(1280, '640', 5),
(1281, '640', 6),
(1282, '640', 10),
(1283, '641', 9),
(1284, '641', 18),
(1285, '642', 6),
(1286, '643', 9),
(1287, '644', 9),
(1288, '645', 9),
(1289, '645', 15),
(1290, '645', 18),
(1291, '646', 6),
(1292, '646', 9),
(1293, '647', 6),
(1294, '647', 7),
(1295, '647', 16),
(1296, '648', 16),
(1297, '649', 7),
(1298, '649', 9),
(1299, '650', 5),
(1300, '650', 6),
(1301, '650', 17),
(1302, '651', 9),
(1303, '652', 2),
(1304, '653', 6),
(1305, '654', 8),
(1306, '655', 9),
(1307, '656', 8),
(1308, '657', 6),
(1309, '657', 17),
(1310, '658', 3),
(1311, '658', 6),
(1312, '658', 17),
(1313, '659', 6),
(1314, '659', 16),
(1315, '659', 18),
(1316, '660', 9),
(1317, '661', 2),
(1318, '661', 6),
(1319, '661', 7),
(1320, '662', 4),
(1321, '662', 13),
(1322, '662', 17),
(1323, '663', 9),
(1324, '664', 12),
(1325, '665', 8),
(1326, '666', 9),
(1327, '666', 12),
(1328, '667', 18),
(1329, '668', 7),
(1330, '668', 15),
(1331, '669', 2),
(1332, '669', 7),
(1333, '669', 18),
(1334, '670', 9),
(1335, '671', 2),
(1336, '671', 9),
(1337, '672', 9),
(1338, '673', 3),
(1339, '673', 6),
(1340, '673', 17),
(1341, '674', 19),
(1342, '675', 8),
(1343, '676', 6),
(1344, '676', 7),
(1345, '677', 2),
(1346, '677', 3),
(1347, '677', 9),
(1348, '677', 19),
(1349, '678', 9),
(1350, '679', 9),
(1351, '680', 2),
(1352, '680', 9),
(1353, '680', 17),
(1354, '680', 18),
(1355, '681', 2),
(1356, '681', 6),
(1357, '681', 7),
(1358, '682', 9),
(1359, '683', 1),
(1360, '684', 7),
(1361, '684', 15),
(1362, '684', 18),
(1363, '685', 9),
(1364, '686', 12),
(1365, '686', 15),
(1366, '686', 18),
(1367, '687', 2),
(1368, '687', 3),
(1369, '687', 17),
(1370, '688', 9),
(1371, '688', 14),
(1372, '689', 6),
(1373, '690', 2),
(1374, '690', 7),
(1375, '690', 18),
(1376, '691', 9),
(1377, '692', 8),
(1378, '693', 6),
(1379, '693', 9),
(1380, '693', 16),
(1381, '694', 6),
(1382, '694', 12),
(1383, '695', 4),
(1384, '695', 5),
(1385, '695', 10),
(1386, '696', 6),
(1387, '696', 9),
(1388, '696', 16),
(1389, '697', 9),
(1390, '698', 9),
(1391, '699', 9),
(1392, '700', 9),
(1393, '701', 9),
(1394, '702', 6),
(1395, '703', 9),
(1396, '703', 19),
(1397, '704', 9),
(1398, '705', 8),
(1399, '706', 8),
(1400, '707', 9),
(1401, '708', 9),
(1402, '709', 6),
(1403, '710', 7),
(1404, '710', 9),
(1405, '710', 18),
(1406, '711', 6),
(1407, '711', 16),
(1408, '712', 3),
(1409, '712', 9),
(1410, '713', 6),
(1411, '713', 16),
(1412, '714', 9),
(1413, '714', 16),
(1414, '715', 2),
(1415, '716', 9),
(1416, '717', 9),
(1417, '718', 7),
(1418, '718', 9),
(1419, '718', 18),
(1420, '719', 8),
(1421, '720', 12),
(1422, '720', 18),
(1423, '721', 6),
(1424, '721', 9),
(1425, '721', 16),
(1426, '722', 8),
(1427, '723', 7),
(1428, '723', 9),
(1429, '723', 16),
(1430, '724', 9),
(1431, '725', 8),
(1432, '726', 8),
(1433, '727', 8),
(1434, '727', 14),
(1435, '728', 2),
(1436, '728', 9),
(1437, '729', 5),
(1438, '729', 6),
(1439, '730', 9),
(1440, '731', 12),
(1441, '731', 18),
(1442, '732', 5),
(1443, '732', 14),
(1444, '732', 16),
(1445, '733', 6),
(1446, '733', 9),
(1447, '734', 7),
(1448, '734', 9),
(1449, '734', 12),
(1450, '735', 6),
(1451, '735', 9),
(1452, '736', 2),
(1453, '736', 3),
(1454, '736', 17),
(1455, '737', 9),
(1456, '738', 9),
(1457, '738', 16),
(1458, '739', 6),
(1459, '739', 9),
(1460, '740', 17),
(1461, '741', 6),
(1462, '742', 8),
(1463, '743', 8),
(1464, '744', 9),
(1465, '744', 16),
(1466, '745', 3),
(1467, '745', 4),
(1468, '745', 5),
(1469, '745', 6),
(1470, '745', 10),
(1471, '746', 2),
(1472, '746', 7),
(1473, '746', 9),
(1474, '747', 2),
(1475, '747', 3),
(1476, '747', 10),
(1477, '748', 12),
(1478, '748', 17),
(1479, '749', 5),
(1480, '750', 7),
(1481, '750', 18),
(1482, '751', 4),
(1483, '752', 9),
(1484, '753', 9),
(1485, '754', 9),
(1486, '754', 18),
(1487, '755', 9),
(1488, '755', 16),
(1489, '756', 9),
(1490, '757', 12),
(1491, '757', 18),
(1492, '758', 9),
(1493, '758', 14),
(1494, '758', 16),
(1495, '759', 9),
(1496, '760', 9),
(1497, '760', 16),
(1498, '760', 19),
(1499, '761', 9),
(1500, '762', 9),
(1501, '763', 6),
(1502, '764', 6),
(1503, '764', 9),
(1504, '765', 3),
(1505, '765', 17),
(1506, '766', 6),
(1507, '766', 17),
(1508, '767', 6),
(1509, '767', 12),
(1510, '767', 17),
(1511, '768', 9),
(1512, '769', 9),
(1513, '770', 9),
(1514, '770', 12),
(1515, '771', 9),
(1516, '772', 6),
(1517, '773', 2),
(1518, '773', 3),
(1519, '773', 6),
(1520, '773', 17),
(1521, '774', 12),
(1522, '775', 8),
(1523, '776', 5),
(1524, '776', 9),
(1525, '776', 17),
(1526, '777', 6),
(1527, '778', 9),
(1528, '779', 20),
(1529, '780', 5),
(1530, '780', 12),
(1531, '781', 6),
(1532, '781', 9),
(1533, '782', 5),
(1534, '782', 6),
(1535, '782', 9),
(1536, '783', 6),
(1537, '784', 9),
(1538, '785', 6),
(1539, '785', 9),
(1540, '785', 16),
(1541, '786', 6),
(1542, '786', 9),
(1543, '786', 16),
(1544, '787', 2),
(1545, '787', 6),
(1546, '787', 10),
(1547, '788', 9),
(1548, '788', 18),
(1549, '789', 6),
(1550, '789', 9),
(1551, '790', 6),
(1552, '790', 9),
(1553, '790', 16),
(1554, '790', 20),
(1555, '791', 6),
(1556, '792', 6),
(1557, '792', 10),
(1558, '792', 12),
(1559, '793', 6),
(1560, '793', 9),
(1561, '793', 16),
(1562, '794', 9),
(1563, '794', 16),
(1564, '795', 6),
(1565, '795', 16),
(1566, '796', 2),
(1567, '796', 7),
(1568, '796', 15),
(1569, '796', 17),
(1570, '796', 18),
(1571, '797', 2),
(1572, '797', 9),
(1573, '797', 19),
(1574, '798', 6),
(1575, '798', 9),
(1576, '799', 12),
(1577, '800', 6),
(1578, '800', 16),
(1579, '801', 7),
(1580, '801', 18),
(1581, '802', 8),
(1582, '803', 6),
(1583, '804', 9),
(1584, '805', 2),
(1585, '805', 7),
(1586, '806', 6),
(1587, '806', 9),
(1588, '806', 15),
(1589, '806', 18),
(1590, '807', 9),
(1591, '808', 3),
(1592, '808', 5),
(1593, '808', 6),
(1594, '808', 9),
(1595, '809', 7),
(1596, '809', 15),
(1597, '809', 18),
(1598, '810', 7),
(1599, '810', 9),
(1600, '810', 15),
(1601, '810', 18),
(1602, '811', 6),
(1603, '811', 16),
(1604, '812', 2),
(1605, '812', 3),
(1606, '812', 5),
(1607, '812', 6),
(1608, '812', 17),
(1609, '813', 6),
(1610, '814', 12),
(1611, '814', 15),
(1612, '814', 18),
(1613, '815', 8),
(1614, '816', 2),
(1615, '816', 9),
(1616, '816', 19),
(1617, '817', 12),
(1618, '817', 18),
(1619, '818', 8),
(1620, '819', 9),
(1621, '820', 3),
(1622, '820', 5),
(1623, '820', 6),
(1624, '820', 14),
(1625, '820', 17),
(1626, '821', 12),
(1627, '822', 6),
(1628, '822', 9),
(1629, '822', 14),
(1630, '823', 2),
(1631, '823', 6),
(1632, '823', 7),
(1633, '823', 18),
(1634, '824', 8),
(1635, '825', 6),
(1636, '826', 6),
(1637, '826', 8),
(1638, '826', 16),
(1639, '827', 6),
(1640, '828', 6),
(1641, '829', 9),
(1642, '829', 16),
(1643, '830', 7),
(1644, '830', 9),
(1645, '831', 9),
(1646, '831', 14),
(1647, '831', 18),
(1648, '832', 7),
(1649, '832', 9),
(1650, '833', 9),
(1651, '833', 19),
(1652, '834', 9),
(1653, '835', 2),
(1654, '835', 7),
(1655, '835', 9),
(1656, '835', 17),
(1657, '835', 18),
(1658, '836', 6),
(1659, '837', 6),
(1660, '838', 8),
(1661, '839', 6),
(1662, '839', 18),
(1663, '840', 12),
(1664, '840', 18),
(1665, '841', 18),
(1666, '842', 2),
(1667, '842', 17),
(1668, '842', 18),
(1669, '843', 9),
(1670, '843', 16),
(1671, '844', 6),
(1672, '844', 9),
(1673, '845', 9),
(1674, '846', 6),
(1675, '847', 2),
(1676, '847', 7),
(1677, '847', 9),
(1678, '847', 18),
(1679, '848', 3),
(1680, '848', 5),
(1681, '849', 6),
(1682, '849', 14),
(1683, '849', 16),
(1684, '850', 2),
(1685, '850', 3),
(1686, '850', 18),
(1687, '850', 19),
(1688, '851', 6),
(1689, '851', 9),
(1690, '851', 16),
(1691, '852', 9),
(1692, '852', 12),
(1693, '852', 17),
(1694, '853', 2),
(1695, '853', 6),
(1696, '854', 4),
(1697, '854', 6),
(1698, '855', 6),
(1699, '856', 7),
(1700, '856', 15),
(1701, '856', 18),
(1702, '857', 9),
(1703, '858', 9),
(1704, '859', 9),
(1705, '860', 9),
(1706, '860', 12),
(1707, '860', 15),
(1708, '860', 18),
(1709, '861', 6),
(1710, '861', 9),
(1711, '862', 6),
(1712, '862', 9),
(1713, '862', 16),
(1714, '863', 2),
(1715, '863', 7),
(1716, '863', 12),
(1717, '863', 17),
(1718, '864', 12),
(1719, '865', 9),
(1720, '865', 15),
(1721, '865', 20),
(1722, '866', 8),
(1723, '867', 6),
(1724, '867', 16),
(1725, '868', 6),
(1726, '868', 9),
(1727, '868', 10),
(1728, '869', 3),
(1729, '869', 5),
(1730, '869', 6),
(1731, '870', 6),
(1732, '871', 9),
(1733, '871', 19),
(1734, '872', 9),
(1735, '873', 6),
(1736, '874', 6),
(1737, '874', 9),
(1738, '875', 8),
(1739, '876', 2),
(1740, '876', 6),
(1741, '876', 7),
(1742, '877', 2),
(1743, '877', 6),
(1744, '877', 12),
(1745, '878', 9),
(1746, '879', 9),
(1747, '880', 9),
(1748, '880', 19),
(1749, '881', 6),
(1750, '881', 14),
(1751, '881', 16),
(1752, '882', 2),
(1753, '882', 9),
(1754, '882', 18),
(1755, '883', 6),
(1756, '883', 9),
(1757, '884', 9),
(1758, '885', 9),
(1759, '885', 18),
(1760, '886', 2),
(1761, '886', 17),
(1762, '887', 8),
(1763, '888', 2),
(1764, '888', 9),
(1765, '888', 18),
(1766, '888', 19),
(1767, '889', 2),
(1768, '889', 6),
(1769, '889', 16),
(1770, '890', 7),
(1771, '890', 9),
(1772, '890', 18),
(1773, '891', 1),
(1774, '892', 9),
(1775, '893', 6),
(1776, '893', 9),
(1777, '894', 6),
(1778, '894', 19),
(1779, '894', 20),
(1780, '895', 3),
(1781, '895', 4),
(1782, '895', 5),
(1783, '895', 6),
(1784, '896', 9),
(1785, '897', 9),
(1786, '898', 6),
(1787, '898', 12),
(1788, '899', 6),
(1789, '899', 9),
(1790, '899', 16),
(1791, '900', 2),
(1792, '900', 7),
(1793, '900', 18),
(1794, '901', 6),
(1795, '902', 9),
(1796, '902', 19),
(1797, '903', 8),
(1798, '904', 3),
(1799, '904', 6),
(1800, '905', 6),
(1801, '905', 9),
(1802, '906', 9),
(1803, '906', 17),
(1804, '907', 6),
(1805, '908', 2),
(1806, '908', 3),
(1807, '908', 6),
(1808, '909', 7),
(1809, '909', 18),
(1810, '910', 2),
(1811, '910', 7),
(1812, '910', 9),
(1813, '911', 8),
(1814, '912', 6),
(1815, '913', 2),
(1816, '913', 3),
(1817, '913', 17),
(1818, '914', 6),
(1819, '914', 7),
(1820, '915', 3),
(1821, '915', 6),
(1822, '916', 1),
(1823, '917', 2),
(1824, '917', 3),
(1825, '917', 9),
(1826, '917', 17),
(1827, '917', 18),
(1828, '918', 1),
(1829, '919', 9),
(1830, '919', 18),
(1831, '920', 8),
(1832, '921', 9),
(1833, '921', 16),
(1834, '922', 9),
(1835, '922', 16),
(1836, '923', 7),
(1837, '923', 9),
(1838, '923', 15),
(1839, '924', 9),
(1840, '924', 19),
(1841, '925', 9),
(1842, '925', 19),
(1843, '926', 12),
(1844, '927', 9),
(1845, '928', 12),
(1846, '928', 18),
(1847, '929', 6),
(1848, '929', 9),
(1849, '929', 16),
(1850, '930', 6),
(1851, '930', 9),
(1852, '930', 16),
(1853, '931', 7),
(1854, '931', 9),
(1855, '931', 18),
(1856, '932', 9),
(1857, '933', 6),
(1858, '933', 9),
(1859, '934', 6),
(1860, '934', 9),
(1861, '934', 16),
(1862, '935', 6),
(1863, '935', 9),
(1864, '936', 2),
(1865, '936', 11),
(1866, '936', 17),
(1867, '937', 5),
(1868, '937', 6),
(1869, '937', 16),
(1870, '938', 6),
(1871, '938', 9),
(1872, '939', 11),
(1873, '939', 18),
(1874, '940', 9),
(1875, '941', 9),
(1876, '941', 16),
(1877, '941', 19),
(1878, '942', 2),
(1879, '942', 3),
(1880, '942', 17),
(1881, '943', 9),
(1882, '943', 15),
(1883, '943', 16),
(1884, '943', 18),
(1885, '944', 9),
(1886, '945', 6),
(1887, '946', 2),
(1888, '946', 4),
(1889, '946', 9),
(1890, '946', 17),
(1891, '947', 6),
(1892, '947', 9),
(1893, '947', 16),
(1894, '948', 2),
(1895, '948', 6),
(1896, '948', 9),
(1897, '948', 12),
(1898, '948', 16),
(1899, '949', 9),
(1900, '950', 6),
(1901, '950', 9),
(1902, '951', 9),
(1903, '952', 9),
(1904, '953', 9),
(1905, '954', 9),
(1906, '955', 9),
(1907, '955', 16),
(1908, '956', 6),
(1909, '956', 16),
(1910, '957', 4),
(1911, '958', 9),
(1912, '958', 10),
(1913, '958', 16),
(1914, '958', 17),
(1915, '959', 9),
(1916, '960', 2),
(1917, '960', 3),
(1918, '961', 12),
(1919, '961', 18),
(1920, '962', 6),
(1921, '962', 9),
(1922, '963', 2),
(1923, '963', 4),
(1924, '963', 9),
(1925, '963', 17),
(1926, '964', 6),
(1927, '964', 18),
(1928, '965', 9),
(1929, '966', 9),
(1930, '966', 12),
(1931, '966', 16),
(1932, '966', 18),
(1933, '967', 2),
(1934, '967', 3),
(1935, '967', 9),
(1936, '967', 19),
(1937, '968', 6),
(1938, '968', 16),
(1939, '969', 3),
(1940, '969', 4),
(1941, '969', 10),
(1942, '969', 13),
(1943, '970', 17),
(1944, '970', 18),
(1945, '971', 9),
(1946, '971', 16),
(1947, '972', 12),
(1948, '973', 9),
(1949, '973', 18),
(1950, '974', 9),
(1951, '975', 6),
(1952, '975', 9),
(1953, '976', 8),
(1954, '977', 8),
(1955, '977', 14),
(1956, '978', 1),
(1957, '979', 6),
(1958, '979', 16),
(1959, '980', 2),
(1960, '980', 3),
(1961, '980', 4),
(1962, '981', 9),
(1963, '982', 15),
(1964, '983', 9),
(1965, '983', 12),
(1966, '983', 15),
(1967, '984', 2),
(1968, '984', 3),
(1969, '984', 10),
(1970, '985', 14),
(1971, '986', 7),
(1972, '986', 8),
(1973, '986', 19),
(1974, '987', 9),
(1975, '988', 9),
(1976, '989', 6),
(1977, '989', 20),
(1978, '990', 6),
(1979, '990', 9),
(1980, '991', 9),
(1981, '991', 14),
(1982, '991', 16),
(1983, '992', 8),
(1984, '993', 9),
(1985, '993', 18),
(1986, '994', 9),
(1987, '995', 3),
(1988, '995', 6),
(1989, '995', 10),
(1990, '996', 9),
(1991, '997', 6),
(1992, '998', 7),
(1993, '998', 9),
(1994, '998', 15),
(1995, '998', 18),
(1996, '999', 6),
(1997, '1000', 2),
(1998, '1000', 10),
(1999, '1000', 17);

--
-- Indexes for dumped tables
--

--
-- Indexes for table `Genres`
--
ALTER TABLE `Genres`
  ADD PRIMARY KEY (`genreID`);

--
-- Indexes for table `Movies`
--
ALTER TABLE `Movies`
  ADD PRIMARY KEY (`movieID`);

--
-- Indexes for table `MoviesGenres`
--
ALTER TABLE `MoviesGenres`
  ADD PRIMARY KEY (`id`);

--
-- AUTO_INCREMENT for dumped tables
--

--
-- AUTO_INCREMENT for table `Genres`
--
ALTER TABLE `Genres`
  MODIFY `genreID` int NOT NULL AUTO_INCREMENT, AUTO_INCREMENT=21;

--
-- AUTO_INCREMENT for table `Movies`
--
ALTER TABLE `Movies`
  MODIFY `movieID` int NOT NULL AUTO_INCREMENT, AUTO_INCREMENT=1001;

--
-- AUTO_INCREMENT for table `MoviesGenres`
--
ALTER TABLE `MoviesGenres`
  MODIFY `id` int NOT NULL AUTO_INCREMENT, AUTO_INCREMENT=2000;
COMMIT;

/*!40101 SET CHARACTER_SET_CLIENT=@OLD_CHARACTER_SET_CLIENT */;
/*!40101 SET CHARACTER_SET_RESULTS=@OLD_CHARACTER_SET_RESULTS */;
/*!40101 SET COLLATION_CONNECTION=@OLD_COLLATION_CONNECTION */;
